{"pages":["viktoria1410.png"],"chars":[{"id":1070,"index":137,"char":"Ю","width":54,"height":34,"xoffset":2,"yoffset":3,"xadvance":52,"chnl":15,"x":0,"y":0,"page":0},{"id":1046,"index":121,"char":"Ж","width":50,"height":37,"xoffset":2,"yoffset":3,"xadvance":47,"chnl":15,"x":55,"y":0,"page":0},{"id":1052,"index":108,"char":"М","width":49,"height":35,"xoffset":-1,"yoffset":5,"xadvance":43,"chnl":15,"x":0,"y":35,"page":0},{"id":1064,"index":98,"char":"Ш","width":48,"height":35,"xoffset":2,"yoffset":3,"xadvance":45,"chnl":15,"x":106,"y":0,"page":0},{"id":1065,"index":117,"char":"Щ","width":48,"height":46,"xoffset":2,"yoffset":3,"xadvance":45,"chnl":15,"x":155,"y":0,"page":0},{"id":1058,"index":145,"char":"Т","width":48,"height":36,"xoffset":2,"yoffset":2,"xadvance":46,"chnl":15,"x":106,"y":36,"page":0},{"id":1060,"index":110,"char":"Ф","width":47,"height":45,"xoffset":-1,"yoffset":5,"xadvance":42,"chnl":15,"x":50,"y":38,"page":0},{"id":1059,"index":144,"char":"У","width":34,"height":46,"xoffset":2,"yoffset":3,"xadvance":31,"chnl":15,"x":0,"y":71,"page":0},{"id":1062,"index":161,"char":"Ц","width":39,"height":45,"xoffset":2,"yoffset":4,"xadvance":36,"chnl":15,"x":204,"y":0,"page":0},{"id":1049,"index":113,"char":"Й","width":43,"height":40,"xoffset":2,"yoffset":-2,"xadvance":40,"chnl":15,"x":244,"y":0,"page":0},{"id":1031,"index":259,"char":"Ї","width":27,"height":42,"xoffset":1,"yoffset":-5,"xadvance":15,"chnl":15,"x":288,"y":0,"page":0},{"id":1028,"index":140,"char":"Є","width":33,"height":42,"xoffset":1,"yoffset":2,"xadvance":29,"chnl":15,"x":244,"y":41,"page":0},{"id":1057,"index":118,"char":"С","width":32,"height":42,"xoffset":-2,"yoffset":2,"xadvance":26,"chnl":15,"x":204,"y":46,"page":0},{"id":1053,"index":115,"char":"Н","width":40,"height":34,"xoffset":2,"yoffset":3,"xadvance":36,"chnl":15,"x":155,"y":47,"page":0},{"id":1040,"index":107,"char":"А","width":40,"height":37,"xoffset":-5,"yoffset":2,"xadvance":30,"chnl":15,"x":98,"y":73,"page":0},{"id":1048,"index":106,"char":"И","width":39,"height":34,"xoffset":2,"yoffset":5,"xadvance":36,"chnl":15,"x":35,"y":84,"page":0},{"id":1050,"index":122,"char":"К","width":38,"height":35,"xoffset":2,"yoffset":4,"xadvance":35,"chnl":15,"x":139,"y":82,"page":0},{"id":1045,"index":112,"char":"Е","width":35,"height":38,"xoffset":-1,"yoffset":3,"xadvance":29,"chnl":15,"x":75,"y":111,"page":0},{"id":1043,"index":128,"char":"Г","width":38,"height":36,"xoffset":2,"yoffset":3,"xadvance":28,"chnl":15,"x":0,"y":119,"page":0},{"id":1063,"index":160,"char":"Ч","width":38,"height":34,"xoffset":2,"yoffset":5,"xadvance":35,"chnl":15,"x":316,"y":0,"page":0},{"id":1055,"index":129,"char":"П","width":37,"height":37,"xoffset":2,"yoffset":3,"xadvance":34,"chnl":15,"x":355,"y":0,"page":0},{"id":1056,"index":99,"char":"Р","width":34,"height":37,"xoffset":2,"yoffset":3,"xadvance":33,"chnl":15,"x":39,"y":119,"page":0},{"id":1071,"index":208,"char":"Я","width":34,"height":37,"xoffset":-4,"yoffset":1,"xadvance":27,"chnl":15,"x":316,"y":35,"page":0},{"id":1047,"index":126,"char":"З","width":35,"height":36,"xoffset":2,"yoffset":4,"xadvance":32,"chnl":15,"x":278,"y":43,"page":0},{"id":1061,"index":116,"char":"Х","width":34,"height":36,"xoffset":2,"yoffset":3,"xadvance":31,"chnl":15,"x":0,"y":156,"page":0},{"id":1092,"index":193,"char":"ф","width":32,"height":35,"xoffset":-2,"yoffset":13,"xadvance":27,"chnl":15,"x":393,"y":0,"page":0},{"id":1051,"index":127,"char":"Л","width":35,"height":35,"xoffset":-1,"yoffset":5,"xadvance":30,"chnl":15,"x":426,"y":0,"page":0},{"id":1044,"index":105,"char":"Д","width":35,"height":35,"xoffset":3,"yoffset":2,"xadvance":34,"chnl":15,"x":462,"y":0,"page":0},{"id":1074,"index":109,"char":"в","width":23,"height":34,"xoffset":-1,"yoffset":4,"xadvance":16,"chnl":15,"x":178,"y":82,"page":0},{"id":1088,"index":175,"char":"р","width":26,"height":34,"xoffset":-5,"yoffset":13,"xadvance":20,"chnl":15,"x":111,"y":111,"page":0},{"id":1078,"index":206,"char":"ж","width":34,"height":31,"xoffset":-2,"yoffset":13,"xadvance":30,"chnl":15,"x":393,"y":36,"page":0},{"id":1030,"index":180,"char":"І","width":24,"height":34,"xoffset":1,"yoffset":3,"xadvance":21,"chnl":15,"x":351,"y":38,"page":0},{"id":1042,"index":123,"char":"В","width":34,"height":34,"xoffset":2,"yoffset":3,"xadvance":31,"chnl":15,"x":428,"y":36,"page":0},{"id":1068,"index":101,"char":"Ь","width":23,"height":34,"xoffset":1,"yoffset":3,"xadvance":20,"chnl":15,"x":463,"y":36,"page":0},{"id":1041,"index":114,"char":"Б","width":33,"height":34,"xoffset":2,"yoffset":3,"xadvance":28,"chnl":15,"x":376,"y":68,"page":0},{"id":1079,"index":207,"char":"з","width":22,"height":33,"xoffset":-5,"yoffset":17,"xadvance":15,"chnl":15,"x":487,"y":36,"page":0},{"id":1054,"index":124,"char":"О","width":29,"height":33,"xoffset":1,"yoffset":4,"xadvance":26,"chnl":15,"x":314,"y":73,"page":0},{"id":1076,"index":261,"char":"д","width":23,"height":32,"xoffset":-2,"yoffset":17,"xadvance":19,"chnl":15,"x":487,"y":70,"page":0},{"id":1084,"index":228,"char":"м","width":31,"height":20,"xoffset":-2,"yoffset":18,"xadvance":27,"chnl":15,"x":344,"y":73,"page":0},{"id":1090,"index":136,"char":"т","width":31,"height":28,"xoffset":-2,"yoffset":11,"xadvance":27,"chnl":15,"x":344,"y":94,"page":0},{"id":1091,"index":130,"char":"у","width":22,"height":30,"xoffset":-2,"yoffset":17,"xadvance":18,"chnl":15,"x":278,"y":80,"page":0},{"id":1096,"index":264,"char":"ш","width":30,"height":21,"xoffset":-2,"yoffset":17,"xadvance":26,"chnl":15,"x":237,"y":84,"page":0},{"id":1097,"index":157,"char":"щ","width":30,"height":30,"xoffset":-2,"yoffset":17,"xadvance":26,"chnl":15,"x":202,"y":89,"page":0},{"id":1094,"index":262,"char":"ц","width":22,"height":29,"xoffset":-2,"yoffset":18,"xadvance":19,"chnl":15,"x":178,"y":117,"page":0},{"id":1073,"index":173,"char":"б","width":21,"height":28,"xoffset":-2,"yoffset":9,"xadvance":14,"chnl":15,"x":138,"y":118,"page":0},{"id":1081,"index":174,"char":"й","width":23,"height":27,"xoffset":-2,"yoffset":11,"xadvance":19,"chnl":15,"x":111,"y":146,"page":0},{"id":1111,"index":132,"char":"ї","width":19,"height":26,"xoffset":-2,"yoffset":12,"xadvance":11,"chnl":15,"x":75,"y":84,"page":0},{"id":1110,"index":131,"char":"і","width":17,"height":26,"xoffset":-2,"yoffset":12,"xadvance":10,"chnl":15,"x":410,"y":68,"page":0},{"id":1102,"index":266,"char":"ю","width":26,"height":20,"xoffset":-2,"yoffset":18,"xadvance":22,"chnl":15,"x":74,"y":150,"page":0},{"id":1085,"index":211,"char":"н","width":24,"height":25,"xoffset":-2,"yoffset":14,"xadvance":20,"chnl":15,"x":35,"y":157,"page":0},{"id":1103,"index":171,"char":"я","width":25,"height":25,"xoffset":-5,"yoffset":16,"xadvance":18,"chnl":15,"x":301,"y":107,"page":0},{"id":1072,"index":200,"char":"а","width":23,"height":21,"xoffset":-2,"yoffset":16,"xadvance":19,"chnl":15,"x":233,"y":106,"page":0},{"id":1087,"index":185,"char":"п","width":23,"height":19,"xoffset":-2,"yoffset":19,"xadvance":19,"chnl":15,"x":201,"y":120,"page":0},{"id":1082,"index":125,"char":"к","width":22,"height":21,"xoffset":-2,"yoffset":17,"xadvance":18,"chnl":15,"x":257,"y":111,"page":0},{"id":1093,"index":178,"char":"х","width":20,"height":22,"xoffset":-2,"yoffset":17,"xadvance":16,"chnl":15,"x":280,"y":111,"page":0},{"id":1083,"index":227,"char":"л","width":22,"height":19,"xoffset":-2,"yoffset":19,"xadvance":18,"chnl":15,"x":225,"y":128,"page":0},{"id":1080,"index":210,"char":"и","width":22,"height":20,"xoffset":-2,"yoffset":18,"xadvance":18,"chnl":15,"x":201,"y":140,"page":0},{"id":1077,"index":203,"char":"е","width":17,"height":21,"xoffset":-2,"yoffset":17,"xadvance":13,"chnl":15,"x":160,"y":118,"page":0},{"id":1108,"index":188,"char":"є","width":20,"height":21,"xoffset":-2,"yoffset":18,"xadvance":16,"chnl":15,"x":248,"y":133,"page":0},{"id":1095,"index":263,"char":"ч","width":18,"height":21,"xoffset":-1,"yoffset":16,"xadvance":14,"chnl":15,"x":224,"y":148,"page":0},{"id":1089,"index":176,"char":"с","width":18,"height":21,"xoffset":-2,"yoffset":17,"xadvance":14,"chnl":15,"x":60,"y":171,"page":0},{"id":1100,"index":265,"char":"ь","width":19,"height":21,"xoffset":-2,"yoffset":16,"xadvance":14,"chnl":15,"x":35,"y":183,"page":0},{"id":1075,"index":260,"char":"г","width":17,"height":20,"xoffset":-2,"yoffset":18,"xadvance":13,"chnl":15,"x":160,"y":140,"page":0},{"id":1086,"index":186,"char":"о","width":19,"height":20,"xoffset":-2,"yoffset":18,"xadvance":15,"chnl":15,"x":178,"y":147,"page":0},{"id":46,"index":17,"char":".","width":8,"height":10,"xoffset":1,"yoffset":28,"xadvance":10,"chnl":15,"x":101,"y":150,"page":0},{"id":32,"index":3,"char":" ","width":0,"height":0,"xoffset":-2,"yoffset":33,"xadvance":15,"chnl":15,"x":0,"y":118,"page":0}],"info":{"face":"viktoria1410","size":42,"bold":0,"italic":0,"charset":["й","ц","у","к","е","н","г","ш","щ","з","х","ї"," ","ф","і","в","а","п","р","о","л","д","ж","є","я","ч","с","м","и","т","ь","б","ю",".","Й","Ц","У","К","Е","Н","Г","Ш","Щ","З","Х","Ї","Ф","І","В","А","П","Р","О","Л","Д","Ж","Є","Я","Ч","С","М","И","Т","Ь","Б","Ю"],"unicode":1,"stretchH":100,"smooth":1,"aa":1,"padding":[2,2,2,2],"spacing":[0,0]},"common":{"lineHeight":52,"base":33,"scaleW":512,"scaleH":512,"pages":1,"packed":0,"alphaChnl":0,"redChnl":0,"greenChnl":0,"blueChnl":0},"distanceField":{"fieldType":"msdf","distanceRange":4},"kernings":[{"first":1079,"second":32,"amount":-8},{"first":1093,"second":32,"amount":6},{"first":1111,"second":32,"amount":12},{"first":32,"second":32,"amount":-3},{"first":1086,"second":32,"amount":9},{"first":1089,"second":32,"amount":-3},{"first":1084,"second":32,"amount":-10},{"first":1102,"second":32,"amount":-11},{"first":46,"second":32,"amount":4},{"first":1059,"second":32,"amount":-9},{"first":1050,"second":32,"amount":-8},{"first":1043,"second":32,"amount":12},{"first":1047,"second":32,"amount":-11},{"first":1042,"second":32,"amount":-7},{"first":1055,"second":32,"amount":0},{"first":1054,"second":32,"amount":-9},{"first":1071,"second":32,"amount":11},{"first":1058,"second":32,"amount":6},{"first":1041,"second":32,"amount":11}]}